{"cameraMode":{"drawMode":0,"name":"Shaded","section":"Shading Mode"},"sceneLighting":true,"audioPlay":false,"sceneViewState":{"showFog":false,"showMaterialUpdate":false,"showSkybox":false,"showFlares":false,"showImageEffects":false,"showParticleSystems":false},"in2DMode":false,"pivot":{"x":-0.10606127977371216,"y":0.8031648397445679,"z":0.15357327461242677},"rotation":{"x":-0.2600509524345398,"y":-0.13646072149276734,"z":0.037151485681533816,"w":-0.9551860094070435},"size":6.664951324462891,"orthographic":false}